Sample	Feature	ExpressionGene
BA2751	Dead-Other	0.1218645851780972
BA2357	Dead-Disease	0.0310044672702269
BA3178	Dead-Disease	0.0153246394583945
BA2600	Alive	0.0410717094708462
BA2455	Dead-Disease	0.0146775526360431
BA2053	Alive	0.0438885531862303
BA2276	Dead-Disease	0.0382121699294571
BA2440	Alive	0.0275100188478118
BA3010	Dead-Disease	0.0457325294387091
BA3167	Alive	0.0352429714210912
BA3229	Dead-Disease	0.0717429060662002
