sampleID,gene,ref,alt,localisation,in_cosmic,variant_classification,sum_count_kmer_alt,nb_kmers_alt,mean_count_kmer_alt,sum_count_kmer_ref,nb_kmers_ref,mean_count_kmer_ref,ratio
BA3240,BCOR,TG,T,chrX:39913252-39913253,1,frameshift_variant,10516,23,457.2173913043478,2442,29,84.20689655172414,84.44715199512642
BA2989R-BM,BCOR,G,A,chrX:39916463-39916463,1,stop_gained,1106,29,38.13793103448276,248,29,8.551724137931034,81.68389955686854
BA2052R-BM,BCOR,G,A,chrX:39922061-39922061,1,stop_gained,13643,29,470.44827586206895,918,29,31.655172413793103,93.69548794725638
BA2843R-BM,BCOR,GCA,G,chrX:39922083-39922085,1,frameshift_variant,2815,26,108.26923076923077,394,29,13.586206896551724,88.85055344529218
BA2685R-BM,BCOR,T,TG,chrX:39932084-39932084,1,frameshift_variant,3207,22,145.77272727272728,1044,28,37.285714285714285,79.63179738214325
