sampleID,gene,ref,alt,localisation,in_cosmic,variant_classification,sum_count_kmer_alt,nb_kmers_alt,mean_count_kmer_alt,sum_count_kmer_ref,nb_kmers_ref,mean_count_kmer_ref,ratio
BA2595R-PBMC,CBL,C,T,chr11:119144603-119144603,1,stop_gained,832,29,28.689655172413794,,,,
BA2622R-BM,CBL,T,C,chr11:119148891-119148891,1,missense_variant,756,29,26.06896551724138,1334.0,29.0,46.0,36.172248803827756
BA2758R-PBMC,CBL,T,C,chr11:119148891-119148891,1,missense_variant,737,29,25.413793103448278,234.0,29.0,8.068965517241379,75.90113285272915
BA2930R-PBMC,CBL,T,C,chr11:119148891-119148891,1,missense_variant,1226,29,42.275862068965516,529.0,29.0,18.24137931034483,69.85754985754986
BA3169,CBL,G,A,chr11:119148967-119148967,1,missense_variant,1550,29,53.44827586206897,248.0,29.0,8.551724137931034,86.20689655172414
BA3213,CBL,C,G,chr11:119148975-119148975,1,missense_variant,1519,29,52.37931034482759,1333.0,29.0,45.96551724137931,53.2608695652174
BA3399,CBL,G,A,chr11:119148991-119148991,1,missense_variant,881,29,30.379310344827587,,,,
BA3001R-BM,CBL,G,A,chr11:119149251-119149251,1,missense_variant,961,29,33.13793103448276,2883.0,29.0,99.41379310344827,25.0
BA3381,CBL,G,A,chr11:119149251-119149251,1,missense_variant,372,29,12.827586206896552,7960.0,29.0,274.48275862068965,4.464714354296687
BA3250,CBL,G,A,chr11:119169085-119169085,1,missense_variant,1457,29,50.241379310344826,1378.0,29.0,47.51724137931034,51.39329805996473
BA3334,CBL,G,A,chr11:119169085-119169085,1,missense_variant,418,29,14.413793103448276,247.0,29.0,8.517241379310345,62.85714285714287
