sampleID,gene,ref,alt,localisation,in_cosmic,variant_classification,sum_count_kmer_alt,nb_kmers_alt,mean_count_kmer_alt,sum_count_kmer_ref,nb_kmers_ref,mean_count_kmer_ref,ratio
BA2133R-PBMC,JAK2,G,T,chr9:5073770-5073770,1,missense_variant,318,29,10.96551724137931,,,,
BA2309R-BM,JAK2,G,T,chr9:5073770-5073770,1,missense_variant,596,29,20.551724137931036,,,,
BA2347R-PBMC,JAK2,G,T,chr9:5073770-5073770,1,missense_variant,558,29,19.24137931034483,2.0,,,
BA2375R-PBMC,JAK2,G,T,chr9:5073770-5073770,1,missense_variant,550,29,18.96551724137931,30.0,,,
BA2379R-BM,JAK2,G,T,chr9:5073770-5073770,1,missense_variant,448,29,15.448275862068966,,,,
BA2488R-BM,JAK2,G,T,chr9:5073770-5073770,1,missense_variant,640,29,22.06896551724138,,,,
BA2511R-PBMC,JAK2,G,T,chr9:5073770-5073770,1,missense_variant,414,29,14.275862068965518,,,,
BA2623R-PBMC,JAK2,G,T,chr9:5073770-5073770,1,missense_variant,1000,29,34.48275862068966,6.0,,,
BA2798R-BM,JAK2,G,T,chr9:5073770-5073770,1,missense_variant,368,29,12.689655172413794,,,,
BA2883R-BM,JAK2,G,T,chr9:5073770-5073770,1,missense_variant,579,29,19.96551724137931,,,,
BA2971,JAK2,G,T,chr9:5073770-5073770,1,missense_variant,1103,29,38.03448275862069,,,,
BA3186,JAK2,G,T,chr9:5073770-5073770,1,missense_variant,1362,29,46.96551724137931,,,,
BA3194,JAK2,G,T,chr9:5073770-5073770,1,missense_variant,826,29,28.482758620689655,2.0,,,
BA3195,JAK2,G,T,chr9:5073770-5073770,1,missense_variant,580,29,20.0,30.0,,,
BA2520R-PBMC,JAK2,A,C,chr9:5078362-5078362,1,missense_variant,403,29,13.89655172413793,,,,
BA2135R-BM,JAK2,A,G,chr9:5126715-5126715,1,missense_variant,660,29,22.75862068965517,,,,
BA2751R-PBMC,JAK2,A,G,chr9:5126715-5126715,1,missense_variant,1704,29,58.758620689655174,,,,
BA2812R-PBMC,JAK2,A,G,chr9:5126715-5126715,1,missense_variant,496,29,17.103448275862068,,,,
BA2903R-PBMC,JAK2,A,G,chr9:5126715-5126715,1,missense_variant,2474,29,85.3103448275862,,,,
