sampleID,gene,ref,alt,localisation,in_cosmic,variant_classification,sum_count_kmer_alt,nb_kmers_alt,mean_count_kmer_alt,sum_count_kmer_ref,nb_kmers_ref,mean_count_kmer_ref,ratio
BA2394R-PBMC,NF1,T,A,chr17:29496957-29496957,1,missense_variant,390,29,13.448275862068966,186.0,29.0,6.413793103448276,67.70833333333333
BA3011R-BM,NF1,T,A,chr17:29496957-29496957,1,missense_variant,356,29,12.275862068965518,248.0,29.0,8.551724137931034,58.940397350993386
BA3448,NF1,T,A,chr17:29496957-29496957,1,missense_variant,372,29,12.827586206896552,279.0,29.0,9.620689655172415,57.14285714285713
BA2645R-PBMC,NF1,A,G,chr17:29552200-29552200,1,missense_variant,351,25,14.04,341.0,29.0,11.758620689655173,54.42151411462788
BA2162R-PBMC,NF1,A,AC,chr17:29553477-29553477,1,frameshift_variant,575,21,27.38095238095238,264.0,22.0,12.0,69.52841596130592
BA3079,NF1,A,AC,chr17:29553477-29553477,1,frameshift_variant,230,21,10.952380952380953,274.0,22.0,12.454545454545455,46.791196597003875
BA3203,NF1,A,AC,chr17:29553477-29553477,1,frameshift_variant,322,21,15.333333333333334,288.0,22.0,13.090909090909092,53.94456289978678
BA3311,NF1,A,AC,chr17:29553477-29553477,1,frameshift_variant,282,21,13.428571428571429,1593.0,22.0,72.4090909090909,15.64414857402224
BA3154,NF1,C,T,chr17:29588751-29588751,1,stop_gained,170,16,10.625,,,,
BA3362,NF1,C,T,chr17:29684326-29684326,1,stop_gained,290,29,10.0,352.0,29.0,12.137931034482758,45.17133956386293
