sampleID,gene,ref,alt,localisation,in_cosmic,variant_classification,sum_count_kmer_alt,nb_kmers_alt,mean_count_kmer_alt,sum_count_kmer_ref,nb_kmers_ref,mean_count_kmer_ref,ratio
BA2198,SMC1A,C,T,chrX:53430549-53430549,1,missense_variant,930,29,32.06896551724138,5394,29,186.0,14.705882352941176
BA2226,SMC1A,C,T,chrX:53430549-53430549,1,missense_variant,14171,29,488.6551724137931,5184,29,178.75862068965517,73.21622319814001
BA2399,SMC1A,C,T,chrX:53441941-53441941,1,missense_variant,559,29,19.275862068965516,24,29,0.8275862068965517,95.88336192109777
BA2459,SMC1A,C,T,chrX:53441941-53441941,1,missense_variant,377,29,13.0,39,29,1.3448275862068966,90.625
BA3001,SMC1A,C,T,chrX:53441941-53441941,1,missense_variant,884,29,30.482758620689655,24,29,0.8275862068965517,97.3568281938326
