sampleID,gene,ref,alt,localisation,in_cosmic,variant_classification,sum_count_kmer_alt,nb_kmers_alt,mean_count_kmer_alt,sum_count_kmer_ref,nb_kmers_ref,mean_count_kmer_ref,ratio
BA2276R-BM,STAG2,C,T,chrX:123171416-123171416,1,stop_gained,2955,29,101.89655172413794,93.0,29.0,3.206896551724138,96.94881889763779
BA2402R-PBMC,STAG2,G,A,chrX:123179092-123179092,1,missense_variant,5240,29,180.68965517241378,217.0,29.0,7.482758620689655,96.02345611141652
BA2636R-PBMC,STAG2,G,A,chrX:123179092-123179092,1,missense_variant,3081,29,106.24137931034483,,,,
BA3334,STAG2,C,T,chrX:123179197-123179197,1,stop_gained,7772,29,268.0,132.0,29.0,4.551724137931035,98.32995951417004
BA2489R-BM,STAG2,C,T,chrX:123197716-123197716,1,stop_gained,2245,29,77.41379310344827,246.0,29.0,8.482758620689655,90.12444801284624
BA3010R-PBMC,STAG2,C,G,chrX:123197784-123197784,1,stop_gained,310,29,10.689655172413794,,,,
BA3280,STAG2,C,G,chrX:123200067-123200067,1,stop_gained,805,29,27.75862068965517,234.0,29.0,8.068965517241379,77.47834456207893
BA3126,STAG2,C,T,chrX:123217380-123217380,1,stop_gained,780,29,26.896551724137932,312.0,29.0,10.758620689655173,71.42857142857143
BA3181,STAG2,C,T,chrX:123217380-123217380,1,stop_gained,907,29,31.275862068965516,338.0,29.0,11.655172413793103,72.85140562248996
