Sample	Feature	ExpressionGene
BA2751	0.0	6.31675170697475
BA2357	5.0	6.13375733254388
BA3178	3.0	7.25358458154246
BA2600	2.0	6.35117266997331
BA2455	1.0	7.16953610700443
BA2053	2.0	6.28823715765654
BA2276	2.0	6.5679039967091
BA2440	0.0	6.29962436721057
BA3010	2.0	6.38837422038712
BA3167	2.0	6.35260588947101
BA3229	4.0	6.70809549173072
