	Sample	Feature	ExpressionGene
0	BA2751	1	7.22625304922136
1	BA2357	2	5.73934974436077
2	BA3178	3	7.16876088952225
3	BA2600	4	5.11328125236518
4	BA2455	4	6.16950493399515
5	BA2053	2	5.62530338833762
6	BA2276	2	6.23256384367835
7	BA2440	5	2.38194954250065
8	BA3010	6	6.40785243829132
9	BA3167	2	6.13077087437702
10	BA3229	1	6.73467335194796
