chr,start,end,ref,alt,variant_classification,gene,sift,polyphen,amino_acids,protein_position,total_freq,exac_freq,normal_freq,in_dbsnp,in_cosmic
X,53409199,53409199,C,T,missense_variant,SMC1A,deleterious(0),probably_damaging(1),G/R,1131/1233,0.0012755102040816,0,0,0,0
X,53409223,53409223,G,A,missense_variant,SMC1A,deleterious(0.02),possibly_damaging(0.727),R/W,1123/1233,0.0012755102040816,0,0,0,0
X,53409526,53409526,G,C,missense_variant,SMC1A,deleterious(0.03),benign(0.142),I/M,1062/1233,0.0012755102040816,0.00000824,0,1,0
X,53410116,53410116,T,TCCCTACCTC,protein_altering_variant,SMC1A,,,N/RGRD,1011/1233,0.0012755102040816,0,0,0,0
X,53421753,53421753,T,C,missense_variant,SMC1A,deleterious(0.01),benign(0.187),Y/C,973/1233,0.0012755102040816,0.0000165,0,1,0
X,53430498,53430498,C,T,missense_variant,SMC1A,deleterious(0),probably_damaging(0.996),R/H,807/1233,0.0012755102040816,0,0,0,0
X,53430549,53430549,C,T,missense_variant,SMC1A,deleterious(0),probably_damaging(1),R/Q,790/1233,0.0025510204081632,0,0.002906976744186,0,1
X,53432081,53432081,C,A,stop_gained,SMC1A,,,E/*,687/1233,0.0012755102040816,0,0.0098039215686274,0,1
X,53432200,53432203,CCTT,C,inframe_deletion,SMC1A,,,K/-,678/1233,0.0012755102040816,0,0,0,0
X,53432580,53432580,G,A,missense_variant,SMC1A,deleterious(0),probably_damaging(1),R/W,586/1233,0.0012755102040816,0,0,0,1
X,53432783,53432786,TCTC,T,inframe_deletion,SMC1A,,,E/-,550/1233,0.0012755102040816,0,0,0,0
X,53436051,53436051,C,T,missense_variant,SMC1A,deleterious(0.01),possibly_damaging(0.78),R/H,496/1233,0.0012755102040816,0,0,1,0
X,53436070,53436070,C,T,missense_variant,SMC1A,deleterious(0.02),possibly_damaging(0.779),D/N,490/1233,0.0012755102040816,0,0,0,0
X,53438811,53438811,C,G,missense_variant,SMC1A,tolerated(0.17),benign(0.223),R/T,385/1233,0.0012755102040816,0,0.002906976744186,0,0
X,53439162,53439162,A,T,missense_variant,SMC1A,deleterious(0),probably_damaging(0.999),I/N,299/1233,0.0012755102040816,0,0.002906976744186,0,0
X,53441941,53441941,C,T,missense_variant,SMC1A,deleterious(0),probably_damaging(1),R/H,96/1233,0.0038265306122449,0.00000824,0,1,1
X,53449545,53449545,C,T,missense_variant,SMC1A,deleterious(0),probably_damaging(0.98),G/E,2/1233,0.0012755102040816,0,0.002906976744186,0,0
