	Sample	Feature	ExpressionGene
0	BA2751	LessThanAYear	6.31675170697475
1	BA2357	MoreThanAYear	6.13375733254388
2	BA3178	LessThanAYear	7.25358458154246
3	BA2600	MoreThanAYear	6.35117266997331
4	BA2455	LessThanAYear	7.16953610700443
5	BA2053	MoreThanAYear	6.28823715765654
6	BA2276	LessThanAYear	6.5679039967091
7	BA2440	LessThanAYear	6.29962436721057
8	BA3010	LessThanAYear	6.38837422038712
9	BA3167	LessThanAYear	6.35260588947101
10	BA3229	LessThanAYear	6.70809549173072
