sampleID,gene,ref,alt,localisation,in_cosmic,variant_classification,sum_count_kmer_alt,nb_kmers_alt,mean_count_kmer_alt,sum_count_kmer_ref,nb_kmers_ref,mean_count_kmer_ref,ratio
BA2133,JAK2,G,T,chr9:5073770-5073770,1,missense_variant,318,29,10.96551724137931,496.0,29.0,17.103448275862068,39.06633906633907
BA2309,JAK2,G,T,chr9:5073770-5073770,1,missense_variant,596,29,20.551724137931036,304.0,29.0,10.482758620689655,66.22222222222223
BA2347,JAK2,G,T,chr9:5073770-5073770,1,missense_variant,558,29,19.24137931034483,866.0,29.0,29.862068965517242,39.18539325842697
BA2375,JAK2,G,T,chr9:5073770-5073770,1,missense_variant,550,29,18.96551724137931,913.0,29.0,31.482758620689655,37.59398496240601
BA2379,JAK2,G,T,chr9:5073770-5073770,1,missense_variant,448,29,15.448275862068966,528.0,29.0,18.20689655172414,45.90163934426229
BA2488,JAK2,G,T,chr9:5073770-5073770,1,missense_variant,640,29,22.06896551724138,16.0,29.0,0.5517241379310345,97.5609756097561
BA2511,JAK2,G,T,chr9:5073770-5073770,1,missense_variant,414,29,14.275862068965518,64.0,29.0,2.206896551724138,86.61087866108788
BA2623,JAK2,G,T,chr9:5073770-5073770,1,missense_variant,1000,29,34.48275862068966,911.0,29.0,31.413793103448278,52.32862375719519
BA2798,JAK2,G,T,chr9:5073770-5073770,1,missense_variant,368,29,12.689655172413794,240.0,29.0,8.275862068965518,60.526315789473685
BA2883,JAK2,G,T,chr9:5073770-5073770,1,missense_variant,579,29,19.96551724137931,320.0,29.0,11.03448275862069,64.40489432703004
BA2971,JAK2,G,T,chr9:5073770-5073770,1,missense_variant,1103,29,38.03448275862069,,,,
BA3186,JAK2,G,T,chr9:5073770-5073770,1,missense_variant,1362,29,46.96551724137931,,,,
BA3194,JAK2,G,T,chr9:5073770-5073770,1,missense_variant,826,29,28.482758620689655,1406.0,,,
BA3195,JAK2,G,T,chr9:5073770-5073770,1,missense_variant,580,29,20.0,462.0,,,
BA2520,JAK2,A,C,chr9:5078362-5078362,1,missense_variant,403,29,13.89655172413793,484.0,29.0,16.689655172413794,45.43404735062007
BA2135,JAK2,A,G,chr9:5126715-5126715,1,missense_variant,660,29,22.75862068965517,794.0,29.0,27.379310344827587,45.39202200825309
BA2751,JAK2,A,G,chr9:5126715-5126715,1,missense_variant,1704,29,58.758620689655174,1086.0,29.0,37.44827586206897,61.0752688172043
BA2812,JAK2,A,G,chr9:5126715-5126715,1,missense_variant,496,29,17.103448275862068,406.0,29.0,14.0,54.98891352549889
BA2903,JAK2,A,G,chr9:5126715-5126715,1,missense_variant,2474,29,85.3103448275862,1705.0,29.0,58.793103448275865,59.20076573342906
