sampleID,gene,ref,alt,in_cosmic,variant_classification,sum_count_kmer_alt,nb_kmers_alt,mean_count_kmer_alt,sum_count_kmer_ref,nb_kmers_ref,mean_count_kmer_ref,ratio
BA3255,WT1,C,T,1,missense_variant,1550,29,53.44827586206897,1501,29,51.758620689655174,103.26449033977349
BA3187,WT1,G,A,1,missense_variant,965,29,33.275862068965516,806,29,27.79310344827586,119.72704714640199
BA2227R-BM,WT1,G,C,1,missense_variant,1581,29,54.51724137931034,1426,29,49.172413793103445,110.86956521739131
BA2217R-BM,WT1,G,A,1,stop_gained,527,29,18.17241379310345,1178,29,40.62068965517241,44.73684210526316
BA2705R-PBMC,WT1,G,GCCGA,1,frameshift_variant,276,21,13.142857142857142,1779,25,71.16,18.469445113627238
BA2762R-PBMC,WT1,G,GCCGA,1,frameshift_variant,1167,21,55.57142857142857,2462,25,98.48,56.42915167691772
BA2218R-PBMC,WT1,C,CG,1,frameshift_variant,1236,27,45.77777777777778,315,28,11.25,406.9135802469136
BA2227R-BM,WT1,C,CGACCGTACAA,1,frameshift_variant,378,16,23.625,917,19,48.26315789473684,48.95038167938931
BA2218R-PBMC,WT1,G,GACCGTACA,1,frameshift_variant,651,19,34.26315789473684,109,21,5.190476190476191,660.1158860453887
BA2312R-PBMC,WT1,G,T,1,stop_gained,568,29,19.586206896551722,868,29,29.93103448275862,65.43778801843318
BA2248R-PBMC,WT1,A,AC,1,frameshift_variant,1136,26,43.69230769230769,64,28,2.2857142857142856,1911.5384615384617
BA3042R-BM,WT1,A,AC,1,frameshift_variant,700,26,26.923076923076923,2268,28,81.0,33.238366571699906
BA3385,WT1,A,AC,1,frameshift_variant,476,26,18.307692307692307,742,28,26.5,69.08563134978229
BA2868R-PBMC,WT1,G,GT,1,frameshift_variant,638,27,23.62962962962963,228,28,8.142857142857142,290.1884340480832
BA2442R-PBMC,WT1,A,ACAAGAGT,1,frameshift_variant,286,20,14.3,1026,22,46.63636363636363,30.662768031189085
BA3406,WT1,C,CA,1,frameshift_variant,494,28,17.642857142857142,563,28,20.107142857142858,87.74422735346359
BA3423,WT1,G,A,1,stop_gained,1373,29,47.3448275862069,2741,29,94.51724137931035,50.091207588471356
