Sample	Feature	ExpressionGene
BA2751	0.0	2.58506527889394
BA2357	3.0	2.54477407549094
BA3178	1.0	4.10116724752771
BA2600	2.0	2.35862915042539
BA2455	1.0	3.99750343335924
BA2053	1.0	3.43900565903568
BA2276	1.0	3.00607082917788
BA2440	0.0	2.2957304885166
BA3010	1.0	3.48083173564519
BA3167	1.0	4.13824319852488
BA3229	2.0	1.72204508327046
