Sample	Feature	ExpressionGene
BA2751	Adverse	18.016002501854807
BA2357	Adverse	17.859538200731926
BA3178	Intermediate	4.56841877914056
BA2600	Adverse	20.664292878793542
BA2455	Favorable	13.043459365049134
BA2053	Favorable	18.355731148599983
BA2276	Intermediate	11.633110444233264
BA2440	Adverse	15.342224685058577
BA3010	Adverse	14.298794793568902
BA3167	Intermediate	8.570119833730828
BA3229	Adverse	20.57969357754877
