sampleID,gene,ref,alt,localisation,in_cosmic,variant_classification,sum_count_kmer_alt,nb_kmers_alt,mean_count_kmer_alt,sum_count_kmer_ref,nb_kmers_ref,mean_count_kmer_ref,ratio
BA3255,WT1,C,T,chr11:32413560-32413560,1,missense_variant,1550,29,53.44827586206897,1501,29,51.758620689655174,50.80301540478531
BA3187,WT1,G,A,chr11:32413566-32413566,1,missense_variant,965,29,33.275862068965516,806,29,27.79310344827586,54.488989271597966
BA2227,WT1,G,C,chr11:32413566-32413566,1,missense_variant,1581,29,54.51724137931034,1426,29,49.172413793103445,52.57731958762887
BA2217,WT1,G,A,chr11:32413578-32413578,1,stop_gained,527,29,18.17241379310345,1178,29,40.62068965517241,30.909090909090914
BA2705,WT1,G,GCCGA,chr11:32417907-32417907,1,frameshift_variant,276,21,13.142857142857142,1779,25,71.16,15.590049481461397
BA2762,WT1,G,GCCGA,chr11:32417907-32417907,1,frameshift_variant,1167,21,55.57142857142857,2462,25,98.48,36.073296487258425
BA2218,WT1,C,CG,chr11:32417909-32417909,1,frameshift_variant,1236,27,45.77777777777778,315,28,11.25,80.27277155382367
BA2227,WT1,C,CGACCGTACAA,chr11:32417909-32417909,1,frameshift_variant,378,16,23.625,917,19,48.26315789473684,32.863549007046764
BA2218,WT1,G,GACCGTACA,chr11:32417910-32417910,1,frameshift_variant,651,19,34.26315789473684,109,21,5.190476190476191,86.84411129462585
BA2312,WT1,G,T,chr11:32417910-32417910,1,stop_gained,568,29,19.586206896551722,868,29,29.93103448275862,39.55431754874652
BA2248,WT1,A,AC,chr11:32417911-32417911,1,frameshift_variant,1136,26,43.69230769230769,64,28,2.2857142857142856,95.02868068833652
BA3042,WT1,A,AC,chr11:32417911-32417911,1,frameshift_variant,700,26,26.923076923076923,2268,28,81.0,24.94654312188168
BA3385,WT1,A,AC,chr11:32417911-32417911,1,frameshift_variant,476,26,18.307692307692307,742,28,26.5,40.858369098712444
BA2868,WT1,G,GT,chr11:32417914-32417914,1,frameshift_variant,638,27,23.62962962962963,228,28,8.142857142857142,74.3713572023314
BA2442,WT1,A,ACAAGAGT,chr11:32417916-32417916,1,frameshift_variant,286,20,14.3,1026,22,46.63636363636363,23.467104281664927
BA3406,WT1,C,CA,chr11:32417943-32417943,1,frameshift_variant,494,28,17.642857142857142,563,28,20.107142857142858,46.7360454115421
BA3423,WT1,G,A,chr11:32417947-32417947,1,stop_gained,1373,29,47.3448275862069,2741,29,94.51724137931035,33.373845405930965
