chr,start,end,ref,alt,variant_classification,gene,sift,polyphen,amino_acids,protein_position,total_freq,exac_freq,normal_freq,in_dbsnp,in_cosmic
2,209106742,209106742,C,T,missense_variant,IDH1,deleterious_low_confidence(0),probably_damaging(0.999),V/M,276/414,0.0012755102040816,0.00000824,0,1,0
2,209108284,209108284,T,C,missense_variant,IDH1,deleterious_low_confidence(0.02),benign(0.227),I/V,189/414,0.0025510204081632,0.000346,0.0098039215686274,1,0
2,209108301,209108301,T,C,missense_variant,IDH1,deleterious_low_confidence(0),probably_damaging(0.994),Y/C,183/414,0.0114795918367347,0.0105,0.0087209302325581,1,0
2,209108317,209108317,C,T,missense_variant,IDH1,tolerated_low_confidence(0.11),benign(0.087),V/I,178/414,0.116071428571429,0.05,0.101744186046512,1,1
2,209113112,209113112,C,A,missense_variant,IDH1,deleterious_low_confidence(0),possibly_damaging(0.833),R/L,132/414,0.0025510204081632,0,0.0098039215686274,0,1
2,209113112,209113112,C,T,missense_variant,IDH1,deleterious_low_confidence(0.01),possibly_damaging(0.813),R/H,132/414,0.0280612244897959,0.0000165,0.0392156862745098,1,1
2,209113113,209113113,G,A,missense_variant,IDH1,deleterious_low_confidence(0.03),possibly_damaging(0.907),R/C,132/414,0.0318877551020408,0,0.0087209302325581,1,1
2,209113113,209113113,G,C,missense_variant,IDH1,deleterious_low_confidence(0),probably_damaging(0.998),R/G,132/414,0.0038265306122449,0,0,0,1
2,209113113,209113113,G,T,missense_variant,IDH1,deleterious_low_confidence(0),probably_damaging(0.997),R/S,132/414,0.0102040816326531,0,0.0196078431372549,1,1
2,209113296,209113296,C,T,missense_variant,IDH1,tolerated_low_confidence(1),benign(0.001),V/I,71/414,0.0051020408163265,0.00421,0.0098039215686274,1,1
2,209116182,209116182,A,C,missense_variant,IDH1,deleterious_low_confidence(0.04),benign(0.025),F/V,32/414,0.0025510204081632,0.000519,0.002906976744186,1,1
